aStar,file,runtime,pathLength,nodesExploredH0,nodesExploredH1,nodesExploredH2,nodesExploredH3,nodesExploredH4
Dijkstra's,grid_0_0.txt,2.171247089357289,138,12702,,,,
Dijkstra's,grid_0_1.txt,2.3560194634867737,130,14139,,,,
Dijkstra's,grid_0_2.txt,1.2535920610964988,194,8656,,,,
Dijkstra's,grid_0_3.txt,1.8902443378014508,150,10689,,,,
Dijkstra's,grid_0_4.txt,2.4438197985286356,228,14892,,,,
Dijkstra's,grid_0_5.txt,2.621553080573374,221,15441,,,,
Dijkstra's,grid_0_6.txt,2.711663633678045,188,15485,,,,
Dijkstra's,grid_0_7.txt,2.8247219661263223,165,13561,,,,
Dijkstra's,grid_0_8.txt,2.778561783272359,215,15189,,,,
Dijkstra's,grid_0_9.txt,2.806367848119116,232,14056,,,,
Dijkstra's,grid_1_0.txt,1.7138859411829266,156,11812,,,,
Dijkstra's,grid_1_1.txt,2.2314104869709404,108,14026,,,,
Dijkstra's,grid_1_2.txt,2.383751897663185,134,14177,,,,
Dijkstra's,grid_1_3.txt,1.3246635078365365,106,10992,,,,
Dijkstra's,grid_1_4.txt,1.1127022277517113,161,8644,,,,
Dijkstra's,grid_1_5.txt,1.8366907431521255,188,14253,,,,
Dijkstra's,grid_1_6.txt,1.821503636462623,122,11111,,,,
Dijkstra's,grid_1_7.txt,1.7147931602908457,159,14221,,,,
Dijkstra's,grid_1_8.txt,1.8448847211450357,195,14695,,,,
Dijkstra's,grid_1_9.txt,1.9821670978895156,198,14586,,,,
Dijkstra's,grid_2_0.txt,1.5962968681529048,190,12997,,,,
Dijkstra's,grid_2_1.txt,1.9478962601866954,107,14958,,,,
Dijkstra's,grid_2_2.txt,1.6789524274470082,202,12986,,,,
Dijkstra's,grid_2_3.txt,2.0349982194765204,158,15241,,,,
Dijkstra's,grid_2_4.txt,2.1400852509288626,143,15443,,,,
Dijkstra's,grid_2_5.txt,1.8080211913531699,199,13752,,,,
Dijkstra's,grid_2_6.txt,1.7343749023835784,185,14186,,,,
Dijkstra's,grid_2_7.txt,1.8685737159034232,158,13918,,,,
Dijkstra's,grid_2_8.txt,1.371657725374554,140,9627,,,,
Dijkstra's,grid_2_9.txt,1.9014460171162284,212,15116,,,,
Dijkstra's,grid_3_0.txt,1.534425685233792,121,10376,,,,
Dijkstra's,grid_3_1.txt,1.777827261554883,165,15277,,,,
Dijkstra's,grid_3_2.txt,1.5671226115772399,154,13918,,,,
Dijkstra's,grid_3_3.txt,1.3672956659648747,159,11735,,,,
Dijkstra's,grid_3_4.txt,1.3859135156458535,162,12107,,,,
Dijkstra's,grid_3_5.txt,1.884716236321438,126,13753,,,,
Dijkstra's,grid_3_6.txt,2.2966329810068657,125,14696,,,,
Dijkstra's,grid_3_7.txt,1.6874221857688525,152,14668,,,,
Dijkstra's,grid_3_8.txt,1.9931362827846044,137,15289,,,,
Dijkstra's,grid_3_9.txt,1.6431813090551515,151,14311,,,,
Dijkstra's,grid_4_0.txt,1.7833517930630052,142,15193,,,,
Dijkstra's,grid_4_1.txt,1.2270332551807002,156,9357,,,,
Dijkstra's,grid_4_2.txt,1.3129406126250274,133,9088,,,,
Dijkstra's,grid_4_3.txt,2.070576113139552,130,13721,,,,
Dijkstra's,grid_4_4.txt,1.7003753825448058,268,13260,,,,
Dijkstra's,grid_4_5.txt,0.4335257845682605,112,4115,,,,
Dijkstra's,grid_4_6.txt,1.0355622750359856,141,7437,,,,
Dijkstra's,grid_4_7.txt,1.0503415124364324,170,8244,,,,
Dijkstra's,grid_4_8.txt,1.140170484007868,127,9074,,,,
Dijkstra's,grid_4_9.txt,2.3909284336659056,197,15248,,,,
aStarH0,grid_0_0.txt,1.6440983455857747,145,8818,,,,
aStarH0,grid_0_1.txt,1.5265043638443956,130,9760,,,,
aStarH0,grid_0_2.txt,0.7280930905871372,194,4342,,,,
aStarH0,grid_0_3.txt,1.138697870601007,150,6166,,,,
aStarH0,grid_0_4.txt,2.302103962936556,228,11993,,,,
aStarH0,grid_0_5.txt,2.7577247498119135,226,12916,,,,
aStarH0,grid_0_6.txt,2.25074813223533,182,12829,,,,
aStarH0,grid_0_7.txt,1.8286855274231755,165,8318,,,,
aStarH0,grid_0_8.txt,1.5048930927291195,215,10445,,,,
aStarH0,grid_0_9.txt,2.371467624371121,233,9863,,,,
aStarH0,grid_1_0.txt,1.0523500678740874,159,7840,,,,
aStarH0,grid_1_1.txt,1.8660542082382392,115,11263,,,,
aStarH0,grid_1_2.txt,1.6963306043873132,144,9682,,,,
aStarH0,grid_1_3.txt,1.1600632599019889,110,8542,,,,
aStarH0,grid_1_4.txt,0.7881230605012064,161,5766,,,,
aStarH0,grid_1_5.txt,1.970184040976136,185,12815,,,,
aStarH0,grid_1_6.txt,1.2771119284363408,131,7290,,,,
aStarH0,grid_1_7.txt,1.786462131076874,162,12725,,,,
aStarH0,grid_1_8.txt,1.8419814415011047,195,13251,,,,
aStarH0,grid_1_9.txt,2.3091100327812626,204,13070,,,,
aStarH0,grid_2_0.txt,1.5132410257600242,193,10275,,,,
aStarH0,grid_2_1.txt,1.6310701794000124,133,11925,,,,
aStarH0,grid_2_2.txt,1.6637041849888021,209,10684,,,,
aStarH0,grid_2_3.txt,1.9312459112665579,158,14042,,,,
aStarH0,grid_2_4.txt,2.1287987847815657,117,14546,,,,
aStarH0,grid_2_5.txt,1.7717944552981635,198,11577,,,,
aStarH0,grid_2_6.txt,1.8172772359849603,185,12102,,,,
aStarH0,grid_2_7.txt,1.9360845619242752,156,12021,,,,
aStarH0,grid_2_8.txt,1.2325921476683277,137,6992,,,,
aStarH0,grid_2_9.txt,1.7762042630819508,220,12440,,,,
aStarH0,grid_3_0.txt,0.8598107736397083,125,6208,,,,
aStarH0,grid_3_1.txt,1.7962746450778582,169,13615,,,,
aStarH0,grid_3_2.txt,1.6533186904986223,154,12855,,,,
aStarH0,grid_3_3.txt,1.1367589296153255,166,9260,,,,
aStarH0,grid_3_4.txt,1.2978235666339515,168,10115,,,,
aStarH0,grid_3_5.txt,1.884779157076082,126,11195,,,,
aStarH0,grid_3_6.txt,2.6100769596691293,129,13213,,,,
aStarH0,grid_3_7.txt,1.7888843570079018,156,13859,,,,
aStarH0,grid_3_8.txt,2.33359780875125,139,15206,,,,
aStarH0,grid_3_9.txt,1.7380430485060856,157,13444,,,,
aStarH0,grid_4_0.txt,2.0890087705284373,142,14876,,,,
aStarH0,grid_4_1.txt,0.8551350029496803,156,6184,,,,
aStarH0,grid_4_2.txt,0.9089300169484602,134,5521,,,,
aStarH0,grid_4_3.txt,1.9552209500230902,137,10837,,,,
aStarH0,grid_4_4.txt,1.8116000881783236,268,11639,,,,
aStarH0,grid_4_5.txt,0.23482561133539548,112,2311,,,,
aStarH0,grid_4_6.txt,0.45178351333430555,144,3660,,,,
aStarH0,grid_4_7.txt,0.8138290893805049,171,5752,,,,
aStarH0,grid_4_8.txt,1.0454060262910616,135,6860,,,,
aStarH0,grid_4_9.txt,2.8000057119550377,197,15006,,,,
aStarH1,grid_0_0.txt,0.15048056284177846,101,,1120,,,
aStarH1,grid_0_1.txt,0.05451971829350555,109,,386,,,
aStarH1,grid_0_2.txt,0.18643464229327833,162,,982,,,
aStarH1,grid_0_3.txt,0.19333986043196205,142,,1122,,,
aStarH1,grid_0_4.txt,0.11964493059528536,182,,564,,,
aStarH1,grid_0_5.txt,0.1240239473714837,166,,642,,,
aStarH1,grid_0_6.txt,0.37544323432311444,147,,2331,,,
aStarH1,grid_0_7.txt,0.15370870992819619,123,,956,,,
aStarH1,grid_0_8.txt,0.15221423044346238,112,,1187,,,
aStarH1,grid_0_9.txt,0.12682905278828116,160,,732,,,
aStarH1,grid_1_0.txt,0.3417020912002613,151,,2375,,,
aStarH1,grid_1_1.txt,0.06490476653723931,144,,456,,,
aStarH1,grid_1_2.txt,0.2079548791251966,160,,1510,,,
aStarH1,grid_1_3.txt,0.021457762323763063,103,,131,,,
aStarH1,grid_1_4.txt,0.1029628981745816,121,,697,,,
aStarH1,grid_1_5.txt,0.03710227166237701,145,,193,,,
aStarH1,grid_1_6.txt,0.3452086960945451,108,,2279,,,
aStarH1,grid_1_7.txt,0.30332489332477053,136,,1863,,,
aStarH1,grid_1_8.txt,0.15459361671176453,198,,765,,,
aStarH1,grid_1_9.txt,0.07380113650054909,159,,399,,,
aStarH1,grid_2_0.txt,0.10234886300858648,188,,539,,,
aStarH1,grid_2_1.txt,0.12452017346492994,115,,770,,,
aStarH1,grid_2_2.txt,0.14793874285223296,155,,788,,,
aStarH1,grid_2_3.txt,0.22211918886668514,147,,1898,,,
aStarH1,grid_2_4.txt,0.243190947979258,119,,2182,,,
aStarH1,grid_2_5.txt,0.12468394592565346,141,,665,,,
aStarH1,grid_2_6.txt,0.09547265089156554,151,,491,,,
aStarH1,grid_2_7.txt,0.08289430116462881,153,,446,,,
aStarH1,grid_2_8.txt,0.20768445375415467,138,,1032,,,
aStarH1,grid_2_9.txt,0.3225407132982241,169,,1851,,,
aStarH1,grid_3_0.txt,0.07469719944629105,119,,522,,,
aStarH1,grid_3_1.txt,0.034169539750308786,155,,177,,,
aStarH1,grid_3_2.txt,0.7166968478040587,144,,4437,,,
aStarH1,grid_3_3.txt,0.06764918243180773,120,,376,,,
aStarH1,grid_3_4.txt,0.11836152569887304,128,,1188,,,
aStarH1,grid_3_5.txt,0.03321100229641161,107,,142,,,
aStarH1,grid_3_6.txt,0.04741993668656619,128,,318,,,
aStarH1,grid_3_7.txt,0.484559425305946,153,,3136,,,
aStarH1,grid_3_8.txt,0.45919165126372263,152,,2215,,,
aStarH1,grid_3_9.txt,0.5755410515530741,153,,3873,,,
aStarH1,grid_4_0.txt,0.31927999021829123,143,,2380,,,
aStarH1,grid_4_1.txt,0.07551249177791419,156,,462,,,
aStarH1,grid_4_2.txt,0.027815882269464964,128,,213,,,
aStarH1,grid_4_3.txt,0.32363714091658835,134,,1753,,,
aStarH1,grid_4_4.txt,0.05545594342308391,159,,259,,,
aStarH1,grid_4_5.txt,0.032428732204806465,98,,213,,,
aStarH1,grid_4_6.txt,0.06706683076637887,113,,545,,,
aStarH1,grid_4_7.txt,0.025172318080933564,111,,140,,,
aStarH1,grid_4_8.txt,0.022489930448045925,97,,154,,,
aStarH1,grid_4_9.txt,0.1848187837641433,167,,965,,,
aStarH2,grid_0_0.txt,0.016402235873414384,104,,,103,,
aStarH2,grid_0_1.txt,0.021171272079158143,113,,,114,,
aStarH2,grid_0_2.txt,0.037248194263582945,156,,,158,,
aStarH2,grid_0_3.txt,0.031875832807514826,153,,,160,,
aStarH2,grid_0_4.txt,0.04637795113958987,174,,,178,,
aStarH2,grid_0_5.txt,0.04089938301962093,172,,,174,,
aStarH2,grid_0_6.txt,0.023436419246792184,117,,,122,,
aStarH2,grid_0_7.txt,0.016621342898503144,130,,,130,,
aStarH2,grid_0_8.txt,0.01573598986840352,110,,,115,,
aStarH2,grid_0_9.txt,0.037582879128791546,172,,,181,,
aStarH2,grid_1_0.txt,0.020862915756708844,153,,,153,,
aStarH2,grid_1_1.txt,0.022317679304080684,135,,,137,,
aStarH2,grid_1_2.txt,0.023722016998419804,129,,,130,,
aStarH2,grid_1_3.txt,0.019261337115125343,104,,,105,,
aStarH2,grid_1_4.txt,0.024875564167103903,138,,,154,,
aStarH2,grid_1_5.txt,0.033235545853159465,159,,,161,,
aStarH2,grid_1_6.txt,0.0186080322582427,99,,,98,,
aStarH2,grid_1_7.txt,0.026779251680352445,146,,,146,,
aStarH2,grid_1_8.txt,0.04114660357336675,168,,,168,,
aStarH2,grid_1_9.txt,0.039081821078355006,173,,,173,,
aStarH2,grid_2_0.txt,0.04130814480163281,159,,,160,,
aStarH2,grid_2_1.txt,0.026598968099619924,129,,,137,,
aStarH2,grid_2_2.txt,0.03814336471637603,156,,,155,,
aStarH2,grid_2_3.txt,0.029541963680912886,158,,,167,,
aStarH2,grid_2_4.txt,0.021912041247475145,125,,,125,,
aStarH2,grid_2_5.txt,0.029727602219452365,143,,,147,,
aStarH2,grid_2_6.txt,0.030450075281777345,159,,,161,,
aStarH2,grid_2_7.txt,0.032260943525727726,161,,,161,,
aStarH2,grid_2_8.txt,0.021049893034728484,141,,,145,,
aStarH2,grid_2_9.txt,0.030574131805138904,155,,,165,,
aStarH2,grid_3_0.txt,0.019866893597878743,123,,,133,,
aStarH2,grid_3_1.txt,0.037062109478540606,168,,,171,,
aStarH2,grid_3_2.txt,0.023902300579123903,143,,,146,,
aStarH2,grid_3_3.txt,0.025788138232883284,119,,,120,,
aStarH2,grid_3_4.txt,0.01578775446088798,108,,,121,,
aStarH2,grid_3_5.txt,0.023394025830526743,104,,,106,,
aStarH2,grid_3_6.txt,0.022273947148363504,127,,,133,,
aStarH2,grid_3_7.txt,0.038547217787026966,168,,,177,,
aStarH2,grid_3_8.txt,0.035628765762538706,142,,,144,,
aStarH2,grid_3_9.txt,0.031064110447800886,157,,,162,,
aStarH2,grid_4_0.txt,0.031731248945760626,158,,,164,,
aStarH2,grid_4_1.txt,0.025783675767996783,126,,,127,,
aStarH2,grid_4_2.txt,0.020624620132679183,135,,,141,,
aStarH2,grid_4_3.txt,0.028939530923537404,154,,,158,,
aStarH2,grid_4_4.txt,0.03876230859373209,154,,,157,,
aStarH2,grid_4_5.txt,0.018463448396488502,100,,,101,,
aStarH2,grid_4_6.txt,0.020123485327872004,126,,,127,,
aStarH2,grid_4_7.txt,0.024733211537807165,111,,,110,,
aStarH2,grid_4_8.txt,0.018290304759574383,98,,,101,,
aStarH2,grid_4_9.txt,0.035393147617440945,164,,,170,,
aStarH3,grid_0_0.txt,2.7679259445030198,155,,,,12080,
aStarH3,grid_0_1.txt,2.9634269766711157,145,,,,13476,
aStarH3,grid_0_2.txt,1.5712682414407766,208,,,,8471,
aStarH3,grid_0_3.txt,2.2536050022445977,155,,,,10290,
aStarH3,grid_0_4.txt,3.021751838758661,273,,,,15123,
aStarH3,grid_0_5.txt,3.313841584282102,225,,,,15419,
aStarH3,grid_0_6.txt,3.464251640178958,181,,,,15498,
aStarH3,grid_0_7.txt,3.2675194139534085,169,,,,12818,
aStarH3,grid_0_8.txt,3.232224440563101,229,,,,15110,
aStarH3,grid_0_9.txt,3.2824816124135054,235,,,,13828,
aStarH3,grid_1_0.txt,2.1362649347543083,175,,,,11882,
aStarH3,grid_1_1.txt,2.9190093863486197,118,,,,13879,
aStarH3,grid_1_2.txt,3.3111743690297715,141,,,,13947,
aStarH3,grid_1_3.txt,1.7725084496772467,164,,,,10434,
aStarH3,grid_1_4.txt,1.5591062396861162,171,,,,8454,
aStarH3,grid_1_5.txt,2.5416289960257075,181,,,,14471,
aStarH3,grid_1_6.txt,2.431480190672204,128,,,,10449,
aStarH3,grid_1_7.txt,2.259335699629702,169,,,,14072,
aStarH3,grid_1_8.txt,2.267918358312727,226,,,,14664,
aStarH3,grid_1_9.txt,2.8707634474147596,211,,,,14323,
aStarH3,grid_2_0.txt,2.4969003719018303,208,,,,12864,
aStarH3,grid_2_1.txt,2.7047597542788537,165,,,,14649,
aStarH3,grid_2_2.txt,2.1562951545663793,225,,,,12592,
aStarH3,grid_2_3.txt,2.3897463267220473,249,,,,15158,
aStarH3,grid_2_4.txt,2.6662138752312785,143,,,,15438,
aStarH3,grid_2_5.txt,2.2913672724611445,204,,,,13944,
aStarH3,grid_2_6.txt,2.309756197694327,193,,,,13859,
aStarH3,grid_2_7.txt,2.3444460608483837,166,,,,13654,
aStarH3,grid_2_8.txt,1.958819035447135,154,,,,9487,
aStarH3,grid_2_9.txt,2.7016329051450043,227,,,,15312,
aStarH3,grid_3_0.txt,2.102043630411515,137,,,,10424,
aStarH3,grid_3_1.txt,2.442518543772735,179,,,,15251,
aStarH3,grid_3_2.txt,2.0784362987602663,154,,,,13861,
aStarH3,grid_3_3.txt,1.9740779878210333,171,,,,12301,
aStarH3,grid_3_4.txt,1.8577575935533446,163,,,,12007,
aStarH3,grid_3_5.txt,2.5765834833465533,127,,,,13632,
aStarH3,grid_3_6.txt,3.152459666011282,125,,,,14772,
aStarH3,grid_3_7.txt,2.1433513289666166,156,,,,14530,
aStarH3,grid_3_8.txt,2.642298187257495,146,,,,15250,
aStarH3,grid_3_9.txt,2.110317932772091,155,,,,14238,
aStarH3,grid_4_0.txt,2.682027958234869,289,,,,15271,
aStarH3,grid_4_1.txt,1.6915861117383315,178,,,,9172,
aStarH3,grid_4_2.txt,1.8218356438488854,137,,,,8770,
aStarH3,grid_4_3.txt,2.796867706658986,176,,,,13599,
aStarH3,grid_4_4.txt,2.4001425311279263,279,,,,13015,
aStarH3,grid_4_5.txt,0.5401305003226184,122,,,,3897,
aStarH3,grid_4_6.txt,1.3866524998281875,156,,,,7384,
aStarH3,grid_4_7.txt,1.4831782924289314,185,,,,8004,
aStarH3,grid_4_8.txt,1.5631313829982219,145,,,,8862,
aStarH3,grid_4_9.txt,3.556820118933615,194,,,,15241,
aStarH4,grid_0_0.txt,1.6243113301090375,145,,,,,8270
aStarH4,grid_0_1.txt,1.5918718879885319,132,,,,,9615
aStarH4,grid_0_2.txt,0.7106609178219401,194,,,,,4028
aStarH4,grid_0_3.txt,1.0408668070260205,153,,,,,5662
aStarH4,grid_0_4.txt,2.2331312134244854,228,,,,,11607
aStarH4,grid_0_5.txt,2.897760021134218,226,,,,,12661
aStarH4,grid_0_6.txt,2.2650298048028503,187,,,,,12661
aStarH4,grid_0_7.txt,1.7746727451388438,165,,,,,8022
aStarH4,grid_0_8.txt,1.4892869605884016,217,,,,,10272
aStarH4,grid_0_9.txt,2.8597581165541897,232,,,,,12375
aStarH4,grid_1_0.txt,1.140082573449945,155,,,,,7877
aStarH4,grid_1_1.txt,1.8035408766244245,111,,,,,10491
aStarH4,grid_1_2.txt,1.6948820882907967,144,,,,,9355
aStarH4,grid_1_3.txt,1.1668421902849104,110,,,,,8552
aStarH4,grid_1_4.txt,0.8716795914524482,161,,,,,6138
aStarH4,grid_1_5.txt,2.0325010241356836,191,,,,,12515
aStarH4,grid_1_6.txt,1.3563871705919723,126,,,,,7295
aStarH4,grid_1_7.txt,1.7760226407617665,162,,,,,12508
aStarH4,grid_1_8.txt,1.8649033385484586,198,,,,,12986
aStarH4,grid_1_9.txt,2.1298470177793547,202,,,,,12797
aStarH4,grid_2_0.txt,1.5816305311136034,190,,,,,10160
aStarH4,grid_2_1.txt,1.7083743508229077,132,,,,,11770
aStarH4,grid_2_2.txt,1.6521356910617442,207,,,,,10579
aStarH4,grid_2_3.txt,1.9622087237618189,149,,,,,13941
aStarH4,grid_2_4.txt,2.1749745862625787,117,,,,,14369
aStarH4,grid_2_5.txt,1.7958806094299007,194,,,,,11190
aStarH4,grid_2_6.txt,1.859408259308509,187,,,,,11853
aStarH4,grid_2_7.txt,2.050277252942294,151,,,,,12223
aStarH4,grid_2_8.txt,1.2638874137963398,140,,,,,6683
aStarH4,grid_2_9.txt,1.8956532914695003,211,,,,,12621
aStarH4,grid_3_0.txt,0.8627711728339591,123,,,,,6016
aStarH4,grid_3_1.txt,1.8593172250251087,160,,,,,13538
aStarH4,grid_3_2.txt,1.6644998424749815,160,,,,,12693
aStarH4,grid_3_3.txt,1.2324167727989561,166,,,,,9349
aStarH4,grid_3_4.txt,1.361311500575198,172,,,,,9974
aStarH4,grid_3_5.txt,1.9517317487417927,126,,,,,10967
aStarH4,grid_3_6.txt,2.549182610309913,131,,,,,12626
aStarH4,grid_3_7.txt,1.9388066654945533,153,,,,,13798
aStarH4,grid_3_8.txt,2.510907602879911,176,,,,,15190
aStarH4,grid_3_9.txt,1.8483440239116362,159,,,,,13316
aStarH4,grid_4_0.txt,2.150247622175584,142,,,,,14814
aStarH4,grid_4_1.txt,0.8395636780349491,160,,,,,5895
aStarH4,grid_4_2.txt,0.9031279201254847,139,,,,,5464
aStarH4,grid_4_3.txt,1.9712550325447182,137,,,,,10577
aStarH4,grid_4_4.txt,1.8417252960176143,268,,,,,11424
aStarH4,grid_4_5.txt,0.2346127517611194,115,,,,,2211
aStarH4,grid_4_6.txt,0.4274135464368669,144,,,,,3439
aStarH4,grid_4_7.txt,0.8033561305788339,158,,,,,5573
aStarH4,grid_4_8.txt,1.0877253656320818,135,,,,,6687
aStarH4,grid_4_9.txt,3.0320503151838807,197,,,,,14938
weightedAStarH0_weight_0.25,grid_0_0.txt,2.103520706283234,137,11759,,,,
weightedAStarH0_weight_0.25,grid_0_1.txt,2.332596431634556,128,13258,,,,
weightedAStarH0_weight_0.25,grid_0_2.txt,1.132436586143001,194,7589,,,,
weightedAStarH0_weight_0.25,grid_0_3.txt,1.5671560800637963,150,9345,,,,
weightedAStarH0_weight_0.25,grid_0_4.txt,2.45453730040515,229,14600,,,,
weightedAStarH0_weight_0.25,grid_0_5.txt,2.704606245487298,218,15337,,,,
weightedAStarH0_weight_0.25,grid_0_6.txt,2.75212792637285,187,15487,,,,
weightedAStarH0_weight_0.25,grid_0_7.txt,2.5800588509867453,165,12676,,,,
weightedAStarH0_weight_0.25,grid_0_8.txt,2.5146846331452366,215,14489,,,,
weightedAStarH0_weight_0.25,grid_0_9.txt,2.5176628821989766,233,13222,,,,
weightedAStarH0_weight_0.25,grid_1_0.txt,1.4831042155120713,159,10667,,,,
weightedAStarH0_weight_0.25,grid_1_1.txt,2.225744941572941,107,13737,,,,
weightedAStarH0_weight_0.25,grid_1_2.txt,2.386105401635234,144,12999,,,,
weightedAStarH0_weight_0.25,grid_1_3.txt,1.317672164125895,110,10264,,,,
weightedAStarH0_weight_0.25,grid_1_4.txt,1.0817153179461343,161,7849,,,,
weightedAStarH0_weight_0.25,grid_1_5.txt,2.0350053594203246,181,14057,,,,
weightedAStarH0_weight_0.25,grid_1_6.txt,1.9633368348807494,122,10093,,,,
weightedAStarH0_weight_0.25,grid_1_7.txt,1.895337348956673,162,13877,,,,
weightedAStarH0_weight_0.25,grid_1_8.txt,1.8010927683971545,198,14271,,,,
weightedAStarH0_weight_0.25,grid_1_9.txt,2.1458436155961067,194,14477,,,,
weightedAStarH0_weight_0.25,grid_2_0.txt,1.6526212072395197,187,12641,,,,
weightedAStarH0_weight_0.25,grid_2_1.txt,1.9954250810160374,110,14584,,,,
weightedAStarH0_weight_0.25,grid_2_2.txt,1.6215240745517576,200,12523,,,,
weightedAStarH0_weight_0.25,grid_2_3.txt,1.917130688638622,158,15189,,,,
weightedAStarH0_weight_0.25,grid_2_4.txt,2.0710933128178795,143,15398,,,,
weightedAStarH0_weight_0.25,grid_2_5.txt,1.7840238402723116,198,13454,,,,
weightedAStarH0_weight_0.25,grid_2_6.txt,1.8169595084862635,185,13788,,,,
weightedAStarH0_weight_0.25,grid_2_7.txt,1.9487137837507476,168,13672,,,,
weightedAStarH0_weight_0.25,grid_2_8.txt,1.362105373075451,138,9045,,,,
weightedAStarH0_weight_0.25,grid_2_9.txt,1.9912531226098054,211,14727,,,,
weightedAStarH0_weight_0.25,grid_3_0.txt,1.375616377960057,121,9253,,,,
weightedAStarH0_weight_0.25,grid_3_1.txt,1.822243066891474,169,15095,,,,
weightedAStarH0_weight_0.25,grid_3_2.txt,1.6209479703370562,154,13722,,,,
weightedAStarH0_weight_0.25,grid_3_3.txt,1.3032771449506981,159,11020,,,,
weightedAStarH0_weight_0.25,grid_3_4.txt,1.3869831684750125,162,11518,,,,
weightedAStarH0_weight_0.25,grid_3_5.txt,1.9028302737186777,126,13405,,,,
weightedAStarH0_weight_0.25,grid_3_6.txt,2.444531115428788,125,14594,,,,
weightedAStarH0_weight_0.25,grid_3_7.txt,1.6716255063782341,156,14492,,,,
weightedAStarH0_weight_0.25,grid_3_8.txt,2.0169207742912363,136,15258,,,,
weightedAStarH0_weight_0.25,grid_3_9.txt,1.6310648244421486,151,14100,,,,
weightedAStarH0_weight_0.25,grid_4_0.txt,1.8683113229691344,142,15177,,,,
weightedAStarH0_weight_0.25,grid_4_1.txt,1.1209261042592402,168,8772,,,,
weightedAStarH0_weight_0.25,grid_4_2.txt,1.1640348536356555,138,8092,,,,
weightedAStarH0_weight_0.25,grid_4_3.txt,1.9559456543178726,130,13203,,,,
weightedAStarH0_weight_0.25,grid_4_4.txt,1.67015824792918,268,12936,,,,
weightedAStarH0_weight_0.25,grid_4_5.txt,0.36138423875257786,112,3726,,,,
weightedAStarH0_weight_0.25,grid_4_6.txt,0.8672206965550231,141,6589,,,,
weightedAStarH0_weight_0.25,grid_4_7.txt,0.9866085891738408,170,7681,,,,
weightedAStarH0_weight_0.25,grid_4_8.txt,1.119893043642037,126,8546,,,,
weightedAStarH0_weight_0.25,grid_4_9.txt,2.4175358804487814,203,15212,,,,
weightedAStarH1_weight_0.25,grid_0_0.txt,1.2401680742768235,146,,7407,,,
weightedAStarH1_weight_0.25,grid_0_1.txt,1.3052160859363653,140,,8509,,,
weightedAStarH1_weight_0.25,grid_0_2.txt,0.5304050043866368,194,,3037,,,
weightedAStarH1_weight_0.25,grid_0_3.txt,0.8886762276463855,153,,5233,,,
weightedAStarH1_weight_0.25,grid_0_4.txt,2.461024831831992,268,,11801,,,
weightedAStarH1_weight_0.25,grid_0_5.txt,2.9741859794708603,227,,11780,,,
weightedAStarH1_weight_0.25,grid_0_6.txt,1.9087390234520853,190,,11442,,,
weightedAStarH1_weight_0.25,grid_0_7.txt,1.0314170914189162,165,,5969,,,
weightedAStarH1_weight_0.25,grid_0_8.txt,1.2940518913264896,218,,9060,,,
weightedAStarH1_weight_0.25,grid_0_9.txt,1.8522540356300965,234,,8139,,,
weightedAStarH1_weight_0.25,grid_1_0.txt,0.8519452330611443,157,,6545,,,
weightedAStarH1_weight_0.25,grid_1_1.txt,1.7514273193884264,112,,10201,,,
weightedAStarH1_weight_0.25,grid_1_2.txt,1.67077540682061,142,,8894,,,
weightedAStarH1_weight_0.25,grid_1_3.txt,1.1648809369748392,110,,8292,,,
weightedAStarH1_weight_0.25,grid_1_4.txt,0.6823425620081593,160,,5230,,,
weightedAStarH1_weight_0.25,grid_1_5.txt,1.9723331640571473,187,,12211,,,
weightedAStarH1_weight_0.25,grid_1_6.txt,1.2509578680841855,123,,6513,,,
weightedAStarH1_weight_0.25,grid_1_7.txt,1.6087587475467444,162,,12354,,,
weightedAStarH1_weight_0.25,grid_1_8.txt,1.8669141252185,202,,12596,,,
weightedAStarH1_weight_0.25,grid_1_9.txt,2.2321329600332547,206,,12239,,,
weightedAStarH1_weight_0.25,grid_2_0.txt,1.4823571988929416,197,,9353,,,
weightedAStarH1_weight_0.25,grid_2_1.txt,1.5266770612348637,135,,11159,,,
weightedAStarH1_weight_0.25,grid_2_2.txt,1.4193445174602743,209,,9604,,,
weightedAStarH1_weight_0.25,grid_2_3.txt,1.7104221759513507,170,,12536,,,
weightedAStarH1_weight_0.25,grid_2_4.txt,2.011238271526736,132,,13606,,,
weightedAStarH1_weight_0.25,grid_2_5.txt,1.5315656914991678,145,,9928,,,
weightedAStarH1_weight_0.25,grid_2_6.txt,1.7558888917648119,187,,11093,,,
weightedAStarH1_weight_0.25,grid_2_7.txt,1.8002212490082456,175,,11144,,,
weightedAStarH1_weight_0.25,grid_2_8.txt,0.9560987168629254,144,,5673,,,
weightedAStarH1_weight_0.25,grid_2_9.txt,1.6908542674997307,205,,11931,,,
weightedAStarH1_weight_0.25,grid_3_0.txt,0.7675029028333711,123,,5312,,,
weightedAStarH1_weight_0.25,grid_3_1.txt,2.043359539901985,167,,13342,,,
weightedAStarH1_weight_0.25,grid_3_2.txt,1.8326526586919272,163,,12276,,,
weightedAStarH1_weight_0.25,grid_3_3.txt,1.391187702874845,171,,8941,,,
weightedAStarH1_weight_0.25,grid_3_4.txt,1.2972211338766328,166,,9013,,,
weightedAStarH1_weight_0.25,grid_3_5.txt,1.9725567335470942,129,,10332,,,
weightedAStarH1_weight_0.25,grid_3_6.txt,2.528241155171486,132,,11446,,,
weightedAStarH1_weight_0.25,grid_3_7.txt,1.9773324634502387,151,,13533,,,
weightedAStarH1_weight_0.25,grid_3_8.txt,2.7851689087577824,132,,15198,,,
weightedAStarH1_weight_0.25,grid_3_9.txt,1.8608915826310977,163,,12880,,,
weightedAStarH1_weight_0.25,grid_4_0.txt,2.2868798177886447,143,,14810,,,
weightedAStarH1_weight_0.25,grid_4_1.txt,0.8058203036796385,159,,5409,,,
weightedAStarH1_weight_0.25,grid_4_2.txt,0.775088646864674,133,,4942,,,
weightedAStarH1_weight_0.25,grid_4_3.txt,1.6661710355684818,137,,9777,,,
weightedAStarH1_weight_0.25,grid_4_4.txt,1.7728855279586924,228,,10858,,,
weightedAStarH1_weight_0.25,grid_4_5.txt,0.19249288459968739,113,,2028,,,
weightedAStarH1_weight_0.25,grid_4_6.txt,0.3213684237771304,144,,2925,,,
weightedAStarH1_weight_0.25,grid_4_7.txt,0.6996029298759368,173,,4758,,,
weightedAStarH1_weight_0.25,grid_4_8.txt,0.9153291915710042,128,,5976,,,
weightedAStarH1_weight_0.25,grid_4_9.txt,3.1573442800571456,200,,14823,,,
weightedAStarH2_weight_0.25,grid_0_0.txt,0.02259881459076496,104,,,108,,
weightedAStarH2_weight_0.25,grid_0_1.txt,0.024893414026564642,112,,,127,,
weightedAStarH2_weight_0.25,grid_0_2.txt,0.04165175459661441,156,,,164,,
weightedAStarH2_weight_0.25,grid_0_3.txt,0.033306945290974,152,,,163,,
weightedAStarH2_weight_0.25,grid_0_4.txt,0.04943518582149409,172,,,189,,
weightedAStarH2_weight_0.25,grid_0_5.txt,0.041720476555497044,172,,,176,,
weightedAStarH2_weight_0.25,grid_0_6.txt,0.024710452966928642,116,,,127,,
weightedAStarH2_weight_0.25,grid_0_7.txt,0.01803772924790792,128,,,141,,
weightedAStarH2_weight_0.25,grid_0_8.txt,0.015034936637562168,110,,,112,,
weightedAStarH2_weight_0.25,grid_0_9.txt,0.03576397844801704,171,,,178,,
weightedAStarH2_weight_0.25,grid_1_0.txt,0.020744660437685525,153,,,153,,
weightedAStarH2_weight_0.25,grid_1_1.txt,0.024536863083540084,129,,,140,,
weightedAStarH2_weight_0.25,grid_1_2.txt,0.024083030406359285,127,,,132,,
weightedAStarH2_weight_0.25,grid_1_3.txt,0.018500933101449846,104,,,104,,
weightedAStarH2_weight_0.25,grid_1_4.txt,0.02408927785711512,135,,,150,,
weightedAStarH2_weight_0.25,grid_1_5.txt,0.03520215412106609,156,,,173,,
weightedAStarH2_weight_0.25,grid_1_6.txt,0.019235008572422885,97,,,102,,
weightedAStarH2_weight_0.25,grid_1_7.txt,0.028209471670948005,145,,,151,,
weightedAStarH2_weight_0.25,grid_1_8.txt,0.041751713809617286,167,,,171,,
weightedAStarH2_weight_0.25,grid_1_9.txt,0.040247863148692886,171,,,174,,
weightedAStarH2_weight_0.25,grid_2_0.txt,0.04183739313521073,158,,,165,,
weightedAStarH2_weight_0.25,grid_2_1.txt,0.025833655374526643,126,,,136,,
weightedAStarH2_weight_0.25,grid_2_2.txt,0.040509809836521526,156,,,168,,
weightedAStarH2_weight_0.25,grid_2_3.txt,0.028401357660300164,156,,,165,,
weightedAStarH2_weight_0.25,grid_2_4.txt,0.02166258946135713,125,,,127,,
weightedAStarH2_weight_0.25,grid_2_5.txt,0.03030727640589248,141,,,153,,
weightedAStarH2_weight_0.25,grid_2_6.txt,0.030554943206198004,159,,,162,,
weightedAStarH2_weight_0.25,grid_2_7.txt,0.03449083722091473,160,,,175,,
weightedAStarH2_weight_0.25,grid_2_8.txt,0.02184198054897024,139,,,152,,
weightedAStarH2_weight_0.25,grid_2_9.txt,0.029883788489883045,156,,,168,,
weightedAStarH2_weight_0.25,grid_3_0.txt,0.01846924960079832,117,,,134,,
weightedAStarH2_weight_0.25,grid_3_1.txt,0.037708720638079285,166,,,170,,
weightedAStarH2_weight_0.25,grid_3_2.txt,0.02331147023039648,140,,,148,,
weightedAStarH2_weight_0.25,grid_3_3.txt,0.028030526829638802,119,,,133,,
weightedAStarH2_weight_0.25,grid_3_4.txt,0.015659235472753608,107,,,115,,
weightedAStarH2_weight_0.25,grid_3_5.txt,0.023189644939520804,103,,,107,,
weightedAStarH2_weight_0.25,grid_3_6.txt,0.021382792913982485,127,,,142,,
weightedAStarH2_weight_0.25,grid_3_7.txt,0.03645209053092913,163,,,179,,
weightedAStarH2_weight_0.25,grid_3_8.txt,0.03413294753841001,139,,,150,,
weightedAStarH2_weight_0.25,grid_3_9.txt,0.030713806955532164,158,,,168,,
weightedAStarH2_weight_0.25,grid_4_0.txt,0.03404280574807217,157,,,173,,
weightedAStarH2_weight_0.25,grid_4_1.txt,0.026659211375317682,125,,,128,,
weightedAStarH2_weight_0.25,grid_4_2.txt,0.021650987052680648,129,,,144,,
weightedAStarH2_weight_0.25,grid_4_3.txt,0.03142735508822625,153,,,175,,
weightedAStarH2_weight_0.25,grid_4_4.txt,0.03875159867811817,154,,,158,,
weightedAStarH2_weight_0.25,grid_4_5.txt,0.018817768107169286,98,,,106,,
weightedAStarH2_weight_0.25,grid_4_6.txt,0.019186813951819204,120,,,121,,
weightedAStarH2_weight_0.25,grid_4_7.txt,0.025486475607749526,111,,,115,,
weightedAStarH2_weight_0.25,grid_4_8.txt,0.019077037316037604,98,,,107,,
weightedAStarH2_weight_0.25,grid_4_9.txt,0.0345176120100632,163,,,165,,
weightedAStarH3_weight_0.25,grid_0_0.txt,2.3212470447325586,156,,,,12411,
weightedAStarH3_weight_0.25,grid_0_1.txt,2.4997193109596765,140,,,,14038,
weightedAStarH3_weight_0.25,grid_0_2.txt,1.4059955000504942,201,,,,8653,
weightedAStarH3_weight_0.25,grid_0_3.txt,1.9791964350260969,150,,,,10733,
weightedAStarH3_weight_0.25,grid_0_4.txt,2.8035640814417775,272,,,,14964,
weightedAStarH3_weight_0.25,grid_0_5.txt,3.0958702565113754,225,,,,15441,
weightedAStarH3_weight_0.25,grid_0_6.txt,3.0961513917981165,189,,,,15491,
weightedAStarH3_weight_0.25,grid_0_7.txt,3.2497222115619024,165,,,,13493,
weightedAStarH3_weight_0.25,grid_0_8.txt,2.8827625692016454,220,,,,15165,
weightedAStarH3_weight_0.25,grid_0_9.txt,2.8245885384268377,235,,,,14053,
weightedAStarH3_weight_0.25,grid_1_0.txt,1.7228135484002678,166,,,,11742,
weightedAStarH3_weight_0.25,grid_1_1.txt,2.2852635130129784,113,,,,13665,
weightedAStarH3_weight_0.25,grid_1_2.txt,2.646293432054904,153,,,,14023,
weightedAStarH3_weight_0.25,grid_1_3.txt,1.3691458038996416,129,,,,10455,
weightedAStarH3_weight_0.25,grid_1_4.txt,1.2528030973076056,173,,,,8655,
weightedAStarH3_weight_0.25,grid_1_5.txt,2.111193468379497,189,,,,14346,
weightedAStarH3_weight_0.25,grid_1_6.txt,2.113790176686848,128,,,,10851,
weightedAStarH3_weight_0.25,grid_1_7.txt,1.8690619095601733,164,,,,14207,
weightedAStarH3_weight_0.25,grid_1_8.txt,1.8372601536694901,210,,,,14468,
weightedAStarH3_weight_0.25,grid_1_9.txt,1.9957075550422587,211,,,,14495,
weightedAStarH3_weight_0.25,grid_2_0.txt,1.7015570432422464,210,,,,12913,
weightedAStarH3_weight_0.25,grid_2_1.txt,2.03487371670667,151,,,,14677,
weightedAStarH3_weight_0.25,grid_2_2.txt,1.6667574034522659,220,,,,12769,
weightedAStarH3_weight_0.25,grid_2_3.txt,1.9568479647143704,225,,,,15172,
weightedAStarH3_weight_0.25,grid_2_4.txt,2.1124822282336027,143,,,,15442,
weightedAStarH3_weight_0.25,grid_2_5.txt,2.0069534127592306,200,,,,13686,
weightedAStarH3_weight_0.25,grid_2_6.txt,1.952121321924892,193,,,,14153,
weightedAStarH3_weight_0.25,grid_2_7.txt,2.0274383577415165,166,,,,13975,
weightedAStarH3_weight_0.25,grid_2_8.txt,1.4597914065421946,151,,,,9620,
weightedAStarH3_weight_0.25,grid_2_9.txt,2.072929170865109,228,,,,15156,
weightedAStarH3_weight_0.25,grid_3_0.txt,1.6337467658286187,127,,,,10369,
weightedAStarH3_weight_0.25,grid_3_1.txt,1.8540568714373649,177,,,,15257,
weightedAStarH3_weight_0.25,grid_3_2.txt,1.7000000892492153,154,,,,13939,
weightedAStarH3_weight_0.25,grid_3_3.txt,1.4558398939004746,164,,,,11831,
weightedAStarH3_weight_0.25,grid_3_4.txt,1.533858505948956,169,,,,12115,
weightedAStarH3_weight_0.25,grid_3_5.txt,1.990270487845578,126,,,,13729,
weightedAStarH3_weight_0.25,grid_3_6.txt,2.4932572155826165,126,,,,14735,
weightedAStarH3_weight_0.25,grid_3_7.txt,1.7792217818265499,161,,,,14615,
weightedAStarH3_weight_0.25,grid_3_8.txt,2.084389226895837,137,,,,15267,
weightedAStarH3_weight_0.25,grid_3_9.txt,1.6869237284429346,157,,,,14325,
weightedAStarH3_weight_0.25,grid_4_0.txt,1.9155349112013482,294,,,,15277,
weightedAStarH3_weight_0.25,grid_4_1.txt,1.247852438781706,174,,,,9207,
weightedAStarH3_weight_0.25,grid_4_2.txt,1.3502905510875962,137,,,,8785,
weightedAStarH3_weight_0.25,grid_4_3.txt,2.0696608615949117,177,,,,13662,
weightedAStarH3_weight_0.25,grid_4_4.txt,1.7685297159998754,279,,,,13203,
weightedAStarH3_weight_0.25,grid_4_5.txt,0.4035808603097166,122,,,,3998,
weightedAStarH3_weight_0.25,grid_4_6.txt,1.0478822480470171,146,,,,7452,
weightedAStarH3_weight_0.25,grid_4_7.txt,1.092781338328905,185,,,,8221,
weightedAStarH3_weight_0.25,grid_4_8.txt,1.1853275047591296,142,,,,8909,
weightedAStarH3_weight_0.25,grid_4_9.txt,2.510753201595435,195,,,,15238,
weightedAStarH4_weight_0.25,grid_0_0.txt,2.002872042389754,138,,,,,11701
weightedAStarH4_weight_0.25,grid_0_1.txt,2.154580229317048,130,,,,,12996
weightedAStarH4_weight_0.25,grid_0_2.txt,1.0411100113614111,202,,,,,7519
weightedAStarH4_weight_0.25,grid_0_3.txt,1.4432914426880643,150,,,,,9286
weightedAStarH4_weight_0.25,grid_0_4.txt,2.350730103877254,228,,,,,14557
weightedAStarH4_weight_0.25,grid_0_5.txt,2.5661292668974056,222,,,,,15331
weightedAStarH4_weight_0.25,grid_0_6.txt,2.580772399119269,187,,,,,15479
weightedAStarH4_weight_0.25,grid_0_7.txt,2.4234044679983526,165,,,,,12625
weightedAStarH4_weight_0.25,grid_0_8.txt,2.2573030468817024,215,,,,,14425
weightedAStarH4_weight_0.25,grid_0_9.txt,2.4693004729321046,233,,,,,13192
weightedAStarH4_weight_0.25,grid_1_0.txt,1.3828013926461153,159,,,,,10609
weightedAStarH4_weight_0.25,grid_1_1.txt,2.0011459609784197,108,,,,,13282
weightedAStarH4_weight_0.25,grid_1_2.txt,2.119120590973125,145,,,,,12885
weightedAStarH4_weight_0.25,grid_1_3.txt,1.2200722562312194,110,,,,,10184
weightedAStarH4_weight_0.25,grid_1_4.txt,1.0281684169941627,161,,,,,7816
weightedAStarH4_weight_0.25,grid_1_5.txt,1.8411054596473377,181,,,,,14114
weightedAStarH4_weight_0.25,grid_1_6.txt,1.6346905771484899,122,,,,,10257
weightedAStarH4_weight_0.25,grid_1_7.txt,1.7101446106365756,162,,,,,13903
weightedAStarH4_weight_0.25,grid_1_8.txt,1.7296196998189544,198,,,,,14252
weightedAStarH4_weight_0.25,grid_1_9.txt,1.9308804353937603,198,,,,,14409
weightedAStarH4_weight_0.25,grid_2_0.txt,1.6066859326150507,187,,,,,12609
weightedAStarH4_weight_0.25,grid_2_1.txt,1.954390931557441,107,,,,,14376
weightedAStarH4_weight_0.25,grid_2_2.txt,1.5963597889075345,195,,,,,12659
weightedAStarH4_weight_0.25,grid_2_3.txt,1.8558614922304741,158,,,,,15181
weightedAStarH4_weight_0.25,grid_2_4.txt,1.9944152252161302,143,,,,,15392
weightedAStarH4_weight_0.25,grid_2_5.txt,1.7610791846540224,198,,,,,13425
weightedAStarH4_weight_0.25,grid_2_6.txt,1.7554854849405501,185,,,,,13764
weightedAStarH4_weight_0.25,grid_2_7.txt,2.0473418435514077,151,,,,,13976
weightedAStarH4_weight_0.25,grid_2_8.txt,1.61000957644967,137,,,,,8942
weightedAStarH4_weight_0.25,grid_2_9.txt,2.2983050665933433,211,,,,,14692
weightedAStarH4_weight_0.25,grid_3_0.txt,1.6081755033883383,121,,,,,9298
weightedAStarH4_weight_0.25,grid_3_1.txt,1.815517239840574,169,,,,,15056
weightedAStarH4_weight_0.25,grid_3_2.txt,1.6049156728013259,154,,,,,13701
weightedAStarH4_weight_0.25,grid_3_3.txt,1.2708461815134342,159,,,,,10929
weightedAStarH4_weight_0.25,grid_3_4.txt,1.3722552494205047,162,,,,,11504
weightedAStarH4_weight_0.25,grid_3_5.txt,1.899548130807375,126,,,,,13405
weightedAStarH4_weight_0.25,grid_3_6.txt,2.4020917357828466,114,,,,,14673
weightedAStarH4_weight_0.25,grid_3_7.txt,1.6569685405152086,156,,,,,14491
weightedAStarH4_weight_0.25,grid_3_8.txt,2.011904963778079,136,,,,,15274
weightedAStarH4_weight_0.25,grid_3_9.txt,1.6194271623096483,157,,,,,14218
weightedAStarH4_weight_0.25,grid_4_0.txt,1.8336393096744814,142,,,,,15190
weightedAStarH4_weight_0.25,grid_4_1.txt,1.1380320708425415,156,,,,,8891
weightedAStarH4_weight_0.25,grid_4_2.txt,1.222648883446709,131,,,,,8080
weightedAStarH4_weight_0.25,grid_4_3.txt,1.9908175860385882,130,,,,,13159
weightedAStarH4_weight_0.25,grid_4_4.txt,1.7036410143360854,259,,,,,12871
weightedAStarH4_weight_0.25,grid_4_5.txt,0.34873091961583214,112,,,,,3623
weightedAStarH4_weight_0.25,grid_4_6.txt,0.8775102480506121,141,,,,,6548
weightedAStarH4_weight_0.25,grid_4_7.txt,0.9895618484243869,170,,,,,7641
weightedAStarH4_weight_0.25,grid_4_8.txt,1.1193544241322115,135,,,,,8540
weightedAStarH4_weight_0.25,grid_4_9.txt,2.3977113802671965,197,,,,,15216
weightedAStarH0_weight_2,grid_0_0.txt,0.5958430354756956,150,4180,,,,
weightedAStarH0_weight_2,grid_0_1.txt,1.1406667101013,194,8020,,,,
weightedAStarH0_weight_2,grid_0_2.txt,0.5095251312634446,194,3528,,,,
weightedAStarH0_weight_2,grid_0_3.txt,1.1799462183734022,144,5974,,,,
weightedAStarH0_weight_2,grid_0_4.txt,1.641102692919162,227,9312,,,,
weightedAStarH0_weight_2,grid_0_5.txt,2.229449679907475,223,10311,,,,
weightedAStarH0_weight_2,grid_0_6.txt,1.5272125570191974,133,9713,,,,
weightedAStarH0_weight_2,grid_0_7.txt,1.0095287012353538,129,5726,,,,
weightedAStarH0_weight_2,grid_0_8.txt,0.8983847662159405,163,7566,,,,
weightedAStarH0_weight_2,grid_0_9.txt,1.613969567774575,184,7353,,,,
weightedAStarH0_weight_2,grid_1_0.txt,0.7646031931614061,155,5624,,,,
weightedAStarH0_weight_2,grid_1_1.txt,1.0734954576570317,114,6436,,,,
weightedAStarH0_weight_2,grid_1_2.txt,1.0275677692227418,138,5573,,,,
weightedAStarH0_weight_2,grid_1_3.txt,0.8213153204451373,106,6302,,,,
weightedAStarH0_weight_2,grid_1_4.txt,0.6000498011079571,161,4288,,,,
weightedAStarH0_weight_2,grid_1_5.txt,1.5329320982420995,191,8894,,,,
weightedAStarH0_weight_2,grid_1_6.txt,1.0015939924512622,133,5518,,,,
weightedAStarH0_weight_2,grid_1_7.txt,1.4172110130062947,138,10299,,,,
weightedAStarH0_weight_2,grid_1_8.txt,1.552586578512205,199,9970,,,,
weightedAStarH0_weight_2,grid_1_9.txt,1.7718957532506465,211,10285,,,,
weightedAStarH0_weight_2,grid_2_0.txt,1.1706174355642815,191,7067,,,,
weightedAStarH0_weight_2,grid_2_1.txt,0.9961743288675962,113,7584,,,,
weightedAStarH0_weight_2,grid_2_2.txt,0.7553016313878516,213,6127,,,,
weightedAStarH0_weight_2,grid_2_3.txt,1.223958170639321,148,9728,,,,
weightedAStarH0_weight_2,grid_2_4.txt,1.5001378901644102,144,10182,,,,
weightedAStarH0_weight_2,grid_2_5.txt,0.8796147464828437,145,6666,,,,
weightedAStarH0_weight_2,grid_2_6.txt,1.9147240813346116,190,11301,,,,
weightedAStarH0_weight_2,grid_2_7.txt,1.6278871032087636,154,8906,,,,
weightedAStarH0_weight_2,grid_2_8.txt,0.7989240104707278,148,4863,,,,
weightedAStarH0_weight_2,grid_2_9.txt,1.5151741655414526,178,10968,,,,
weightedAStarH0_weight_2,grid_3_0.txt,0.5616467209360962,121,4180,,,,
weightedAStarH0_weight_2,grid_3_1.txt,1.9137985661208177,162,11662,,,,
weightedAStarH0_weight_2,grid_3_2.txt,1.3532107880980675,165,10351,,,,
weightedAStarH0_weight_2,grid_3_3.txt,1.026260713262559,167,7589,,,,
weightedAStarH0_weight_2,grid_3_4.txt,0.9134576338046827,170,7339,,,,
weightedAStarH0_weight_2,grid_3_5.txt,1.368508117669876,126,7635,,,,
weightedAStarH0_weight_2,grid_3_6.txt,1.267994220215428,125,7090,,,,
weightedAStarH0_weight_2,grid_3_7.txt,1.806680666906459,153,12159,,,,
weightedAStarH0_weight_2,grid_3_8.txt,2.7322195318516833,170,14302,,,,
weightedAStarH0_weight_2,grid_3_9.txt,1.4782088915505938,146,10645,,,,
weightedAStarH0_weight_2,grid_4_0.txt,2.1022359626473417,142,12954,,,,
weightedAStarH0_weight_2,grid_4_1.txt,0.7176415516169072,157,4839,,,,
weightedAStarH0_weight_2,grid_4_2.txt,0.43833632169730663,133,2970,,,,
weightedAStarH0_weight_2,grid_4_3.txt,0.9838900555755572,130,5567,,,,
weightedAStarH0_weight_2,grid_4_4.txt,1.5968127290917664,217,9501,,,,
weightedAStarH0_weight_2,grid_4_5.txt,0.20237188932730987,111,2066,,,,
weightedAStarH0_weight_2,grid_4_6.txt,0.33692011384641773,113,2874,,,,
weightedAStarH0_weight_2,grid_4_7.txt,0.603850036190579,158,4286,,,,
weightedAStarH0_weight_2,grid_4_8.txt,0.7324564887362612,135,4917,,,,
weightedAStarH0_weight_2,grid_4_9.txt,3.205197075836054,197,12911,,,,
weightedAStarH1_weight_2,grid_0_0.txt,0.02400359853174905,102,,115,,,
weightedAStarH1_weight_2,grid_0_1.txt,0.02106551166173176,108,,110,,,
weightedAStarH1_weight_2,grid_0_2.txt,0.04089001184343033,177,,192,,,
weightedAStarH1_weight_2,grid_0_3.txt,0.03357023071839649,141,,147,,,
weightedAStarH1_weight_2,grid_0_4.txt,0.04485268064718184,193,,207,,,
weightedAStarH1_weight_2,grid_0_5.txt,0.046189188875587206,175,,187,,,
weightedAStarH1_weight_2,grid_0_6.txt,0.029102410891255204,144,,155,,,
weightedAStarH1_weight_2,grid_0_7.txt,0.025869355093504964,124,,142,,,
weightedAStarH1_weight_2,grid_0_8.txt,0.021240886531131764,115,,135,,,
weightedAStarH1_weight_2,grid_0_9.txt,0.042384045081576005,164,,201,,,
weightedAStarH1_weight_2,grid_1_0.txt,0.04452067326110409,153,,198,,,
weightedAStarH1_weight_2,grid_1_1.txt,0.02432266476978384,146,,150,,,
weightedAStarH1_weight_2,grid_1_2.txt,0.03354167094312288,160,,178,,,
weightedAStarH1_weight_2,grid_1_3.txt,0.018088601347471922,102,,103,,,
weightedAStarH1_weight_2,grid_1_4.txt,0.023621165292411206,130,,151,,,
weightedAStarH1_weight_2,grid_1_5.txt,0.030953887565488003,151,,158,,,
weightedAStarH1_weight_2,grid_1_6.txt,0.025053170268961367,135,,158,,,
weightedAStarH1_weight_2,grid_1_7.txt,0.02927332329568344,135,,158,,,
weightedAStarH1_weight_2,grid_1_8.txt,0.05121169308597473,198,,213,,,
weightedAStarH1_weight_2,grid_1_9.txt,0.03661140052668088,169,,176,,,
weightedAStarH1_weight_2,grid_2_0.txt,0.046805455274011365,193,,208,,,
weightedAStarH1_weight_2,grid_2_1.txt,0.032399726183143684,135,,192,,,
weightedAStarH1_weight_2,grid_2_2.txt,0.043279661780843526,164,,177,,,
weightedAStarH1_weight_2,grid_2_3.txt,0.03488888908725585,146,,173,,,
weightedAStarH1_weight_2,grid_2_4.txt,0.026381199814068168,118,,146,,,
weightedAStarH1_weight_2,grid_2_5.txt,0.03331765520681529,138,,166,,,
weightedAStarH1_weight_2,grid_2_6.txt,0.03255725119311137,164,,169,,,
weightedAStarH1_weight_2,grid_2_7.txt,0.03292808202377273,161,,169,,,
weightedAStarH1_weight_2,grid_2_8.txt,0.02371487705454456,149,,159,,,
weightedAStarH1_weight_2,grid_2_9.txt,0.0362704682106596,165,,191,,,
weightedAStarH1_weight_2,grid_3_0.txt,0.023719339519516325,122,,162,,,
weightedAStarH1_weight_2,grid_3_1.txt,0.037019269815800726,171,,177,,,
weightedAStarH1_weight_2,grid_3_2.txt,0.030528614663467124,141,,192,,,
weightedAStarH1_weight_2,grid_3_3.txt,0.02702379475510952,119,,130,,,
weightedAStarH1_weight_2,grid_3_4.txt,0.020243525632849924,128,,145,,,
weightedAStarH1_weight_2,grid_3_5.txt,0.023028103711226322,103,,107,,,
weightedAStarH1_weight_2,grid_3_6.txt,0.02610006452732705,148,,166,,,
weightedAStarH1_weight_2,grid_3_7.txt,0.03424763288558097,151,,190,,,
weightedAStarH1_weight_2,grid_3_8.txt,0.047336042346955765,173,,262,,,
weightedAStarH1_weight_2,grid_3_9.txt,0.05138885294127249,149,,328,,,
weightedAStarH1_weight_2,grid_4_0.txt,0.037421784146999926,143,,183,,,
weightedAStarH1_weight_2,grid_4_1.txt,0.03211234344564673,150,,156,,,
weightedAStarH1_weight_2,grid_4_2.txt,0.019281418207015122,134,,143,,,
weightedAStarH1_weight_2,grid_4_3.txt,0.03500848314581617,141,,186,,,
weightedAStarH1_weight_2,grid_4_4.txt,0.04547028578519985,165,,166,,,
weightedAStarH1_weight_2,grid_4_5.txt,0.0217705811110136,97,,128,,,
weightedAStarH1_weight_2,grid_4_6.txt,0.019810220294061764,113,,120,,,
weightedAStarH1_weight_2,grid_4_7.txt,0.02407678295548976,110,,110,,,
weightedAStarH1_weight_2,grid_4_8.txt,0.019488922823484245,103,,106,,,
weightedAStarH1_weight_2,grid_4_9.txt,0.031861106673432005,151,,158,,,
weightedAStarH2_weight_2,grid_0_0.txt,0.0163406538581512,104,,,103,,
weightedAStarH2_weight_2,grid_0_1.txt,0.021843319288450402,113,,,114,,
weightedAStarH2_weight_2,grid_0_2.txt,0.03623744597075529,157,,,159,,
weightedAStarH2_weight_2,grid_0_3.txt,0.031288126184222165,153,,,163,,
weightedAStarH2_weight_2,grid_0_4.txt,0.04581880429145713,174,,,180,,
weightedAStarH2_weight_2,grid_0_5.txt,0.042120759654267204,172,,,174,,
weightedAStarH2_weight_2,grid_0_6.txt,0.024771142489157683,117,,,123,,
weightedAStarH2_weight_2,grid_0_7.txt,0.018915496087743122,130,,,133,,
weightedAStarH2_weight_2,grid_0_8.txt,0.015812298017749526,110,,,115,,
weightedAStarH2_weight_2,grid_0_9.txt,0.03788097178198768,172,,,183,,
weightedAStarH2_weight_2,grid_1_0.txt,0.02091111037725568,153,,,153,,
weightedAStarH2_weight_2,grid_1_1.txt,0.022731349797481926,135,,,138,,
weightedAStarH2_weight_2,grid_1_2.txt,0.023437757986243923,129,,,130,,
weightedAStarH2_weight_2,grid_1_3.txt,0.019334075292476882,104,,,105,,
weightedAStarH2_weight_2,grid_1_4.txt,0.025278078498331524,138,,,155,,
weightedAStarH2_weight_2,grid_1_5.txt,0.03276832578126232,159,,,161,,
weightedAStarH2_weight_2,grid_1_6.txt,0.019454115597454802,101,,,102,,
weightedAStarH2_weight_2,grid_1_7.txt,0.026995234980063287,148,,,150,,
weightedAStarH2_weight_2,grid_1_8.txt,0.04067625977609168,168,,,168,,
weightedAStarH2_weight_2,grid_1_9.txt,0.04117962581347001,173,,,173,,
weightedAStarH2_weight_2,grid_2_0.txt,0.03928084701146872,159,,,161,,
weightedAStarH2_weight_2,grid_2_1.txt,0.027109920327120562,129,,,137,,
weightedAStarH2_weight_2,grid_2_2.txt,0.03823216776731897,156,,,155,,
weightedAStarH2_weight_2,grid_2_3.txt,0.029806587847588162,158,,,167,,
weightedAStarH2_weight_2,grid_2_4.txt,0.02386838584607176,125,,,133,,
weightedAStarH2_weight_2,grid_2_5.txt,0.03202175540877761,143,,,147,,
weightedAStarH2_weight_2,grid_2_6.txt,0.0305259371845068,158,,,159,,
weightedAStarH2_weight_2,grid_2_7.txt,0.031689748022472486,161,,,161,,
weightedAStarH2_weight_2,grid_2_8.txt,0.020087785608893682,141,,,145,,
weightedAStarH2_weight_2,grid_2_9.txt,0.031020824538586567,155,,,169,,
weightedAStarH2_weight_2,grid_3_0.txt,0.02029662896472928,126,,,139,,
weightedAStarH2_weight_2,grid_3_1.txt,0.03708129807739624,168,,,171,,
weightedAStarH2_weight_2,grid_3_2.txt,0.023466764007935126,141,,,143,,
weightedAStarH2_weight_2,grid_3_3.txt,0.026919373077248565,119,,,120,,
weightedAStarH2_weight_2,grid_3_4.txt,0.018453630973795043,113,,,120,,
weightedAStarH2_weight_2,grid_3_5.txt,0.023829116155297925,104,,,105,,
weightedAStarH2_weight_2,grid_3_6.txt,0.022567577336758404,127,,,136,,
weightedAStarH2_weight_2,grid_3_7.txt,0.03417087848981737,167,,,176,,
weightedAStarH2_weight_2,grid_3_8.txt,0.03347116399834249,143,,,145,,
weightedAStarH2_weight_2,grid_3_9.txt,0.030297458983227443,157,,,162,,
weightedAStarH2_weight_2,grid_4_0.txt,0.031489383349821765,158,,,164,,
weightedAStarH2_weight_2,grid_4_1.txt,0.026000997807159365,126,,,127,,
weightedAStarH2_weight_2,grid_4_2.txt,0.021263645101953443,134,,,142,,
weightedAStarH2_weight_2,grid_4_3.txt,0.046885333395152884,154,,,158,,
weightedAStarH2_weight_2,grid_4_4.txt,0.03897918438644865,154,,,157,,
weightedAStarH2_weight_2,grid_4_5.txt,0.01938762487088752,100,,,102,,
weightedAStarH2_weight_2,grid_4_6.txt,0.019920889422792243,126,,,126,,
weightedAStarH2_weight_2,grid_4_7.txt,0.02406651928640713,111,,,110,,
weightedAStarH2_weight_2,grid_4_8.txt,0.018251481315132878,101,,,103,,
weightedAStarH2_weight_2,grid_4_9.txt,0.03649805391910377,164,,,175,,
weightedAStarH3_weight_2,grid_0_0.txt,3.325709509601893,158,,,,12473,
weightedAStarH3_weight_2,grid_0_1.txt,3.6023100395642587,170,,,,14313,
weightedAStarH3_weight_2,grid_0_2.txt,1.7562441039683563,212,,,,8297,
weightedAStarH3_weight_2,grid_0_3.txt,2.625490313327532,162,,,,10571,
weightedAStarH3_weight_2,grid_0_4.txt,3.4895997793756806,273,,,,15154,
weightedAStarH3_weight_2,grid_0_5.txt,3.4624287232797997,263,,,,15446,
weightedAStarH3_weight_2,grid_0_6.txt,3.9614233299448642,201,,,,15497,
weightedAStarH3_weight_2,grid_0_7.txt,3.4402957900213096,169,,,,12167,
weightedAStarH3_weight_2,grid_0_8.txt,3.588382686707291,221,,,,14944,
weightedAStarH3_weight_2,grid_0_9.txt,3.785076981981433,235,,,,13515,
weightedAStarH3_weight_2,grid_1_0.txt,2.5297708881287235,169,,,,11598,
weightedAStarH3_weight_2,grid_1_1.txt,3.4977406540366474,118,,,,13625,
weightedAStarH3_weight_2,grid_1_2.txt,4.021309608490128,141,,,,13459,
weightedAStarH3_weight_2,grid_1_3.txt,2.359304283877009,166,,,,10842,
weightedAStarH3_weight_2,grid_1_4.txt,1.912464289124955,173,,,,8057,
weightedAStarH3_weight_2,grid_1_5.txt,3.0225501737237437,210,,,,14763,
weightedAStarH3_weight_2,grid_1_6.txt,2.9212227689237125,128,,,,10181,
weightedAStarH3_weight_2,grid_1_7.txt,2.7538874762708474,171,,,,14132,
weightedAStarH3_weight_2,grid_1_8.txt,2.774916395720652,225,,,,14454,
weightedAStarH3_weight_2,grid_1_9.txt,3.0507922213881784,207,,,,14281,
weightedAStarH3_weight_2,grid_2_0.txt,2.5874241492533656,216,,,,12682,
weightedAStarH3_weight_2,grid_2_1.txt,3.088749501319512,145,,,,14690,
weightedAStarH3_weight_2,grid_2_2.txt,2.3361958557981097,225,,,,12175,
weightedAStarH3_weight_2,grid_2_3.txt,2.9156848500209662,252,,,,15156,
weightedAStarH3_weight_2,grid_2_4.txt,3.2578697799201564,143,,,,15438,
weightedAStarH3_weight_2,grid_2_5.txt,2.7636696455106176,204,,,,14159,
weightedAStarH3_weight_2,grid_2_6.txt,2.695183304669513,197,,,,13588,
weightedAStarH3_weight_2,grid_2_7.txt,2.9383684514443758,171,,,,13874,
weightedAStarH3_weight_2,grid_2_8.txt,2.24835178860053,151,,,,9319,
weightedAStarH3_weight_2,grid_2_9.txt,3.0140362369996865,227,,,,15349,
weightedAStarH3_weight_2,grid_3_0.txt,2.158737907835757,128,,,,9535,
weightedAStarH3_weight_2,grid_3_1.txt,2.709231144077876,173,,,,15222,
weightedAStarH3_weight_2,grid_3_2.txt,2.256737206336311,154,,,,13699,
weightedAStarH3_weight_2,grid_3_3.txt,2.324485901734647,174,,,,12862,
weightedAStarH3_weight_2,grid_3_4.txt,1.998148077079236,162,,,,11880,
weightedAStarH3_weight_2,grid_3_5.txt,2.9372858574670317,126,,,,13372,
weightedAStarH3_weight_2,grid_3_6.txt,3.504313864789083,124,,,,14735,
weightedAStarH3_weight_2,grid_3_7.txt,2.3533616194106344,167,,,,14359,
weightedAStarH3_weight_2,grid_3_8.txt,2.894700555219856,146,,,,15179,
weightedAStarH3_weight_2,grid_3_9.txt,2.3258206249771547,160,,,,14098,
weightedAStarH3_weight_2,grid_4_0.txt,3.197552873514951,295,,,,15181,
weightedAStarH3_weight_2,grid_4_1.txt,2.021792447189,178,,,,8929,
weightedAStarH3_weight_2,grid_4_2.txt,2.3039112612085546,137,,,,9064,
weightedAStarH3_weight_2,grid_4_3.txt,3.458163945604383,131,,,,13439,
weightedAStarH3_weight_2,grid_4_4.txt,2.8658774946294443,279,,,,12892,
weightedAStarH3_weight_2,grid_4_5.txt,0.6409500766205838,122,,,,3723,
weightedAStarH3_weight_2,grid_4_6.txt,1.7587350518582525,180,,,,8094,
weightedAStarH3_weight_2,grid_4_7.txt,1.6840137551016596,185,,,,7782,
weightedAStarH3_weight_2,grid_4_8.txt,1.7816337440882535,147,,,,8495,
weightedAStarH3_weight_2,grid_4_9.txt,4.41893754066416,196,,,,15182,
weightedAStarH4_weight_2,grid_0_0.txt,0.684565315759528,151,,,,,4695
weightedAStarH4_weight_2,grid_0_1.txt,1.1315043772317495,186,,,,,7653
weightedAStarH4_weight_2,grid_0_2.txt,0.8605475265895848,191,,,,,5771
weightedAStarH4_weight_2,grid_0_3.txt,1.013057172207482,153,,,,,5808
weightedAStarH4_weight_2,grid_0_4.txt,1.3489741239512796,227,,,,,7630
weightedAStarH4_weight_2,grid_0_5.txt,2.8112444297282764,221,,,,,12959
weightedAStarH4_weight_2,grid_0_6.txt,1.5822499212374623,117,,,,,9867
weightedAStarH4_weight_2,grid_0_7.txt,0.8686245880029446,129,,,,,4935
weightedAStarH4_weight_2,grid_0_8.txt,0.764031997658094,107,,,,,6761
weightedAStarH4_weight_2,grid_0_9.txt,1.643886378504476,187,,,,,7422
weightedAStarH4_weight_2,grid_1_0.txt,0.7563146109132504,151,,,,,5481
weightedAStarH4_weight_2,grid_1_1.txt,1.0668231801845423,111,,,,,6406
weightedAStarH4_weight_2,grid_1_2.txt,0.9180562038526432,142,,,,,5164
weightedAStarH4_weight_2,grid_1_3.txt,0.9593496225199942,106,,,,,6932
weightedAStarH4_weight_2,grid_1_4.txt,0.6666364706543391,155,,,,,4798
weightedAStarH4_weight_2,grid_1_5.txt,1.3874428023565315,191,,,,,8637
weightedAStarH4_weight_2,grid_1_6.txt,1.1135541122953327,136,,,,,6147
weightedAStarH4_weight_2,grid_1_7.txt,1.4036558297194688,138,,,,,9843
weightedAStarH4_weight_2,grid_1_8.txt,1.6088341632030279,205,,,,,10180
weightedAStarH4_weight_2,grid_1_9.txt,1.7114208755891696,211,,,,,9955
weightedAStarH4_weight_2,grid_2_0.txt,1.0627355623643098,184,,,,,7081
weightedAStarH4_weight_2,grid_2_1.txt,0.9196426101135557,116,,,,,7241
weightedAStarH4_weight_2,grid_2_2.txt,0.815025476211872,200,,,,,6274
weightedAStarH4_weight_2,grid_2_3.txt,1.1417301154796178,154,,,,,8985
weightedAStarH4_weight_2,grid_2_4.txt,1.3956796200121744,117,,,,,9483
weightedAStarH4_weight_2,grid_2_5.txt,0.656340671708108,148,,,,,5340
weightedAStarH4_weight_2,grid_2_6.txt,2.0692364811858397,188,,,,,11747
weightedAStarH4_weight_2,grid_2_7.txt,1.4660540297396665,151,,,,,7760
weightedAStarH4_weight_2,grid_2_8.txt,0.7750181399196663,132,,,,,4682
weightedAStarH4_weight_2,grid_2_9.txt,1.5279162877289991,156,,,,,11008
weightedAStarH4_weight_2,grid_3_0.txt,0.5367492906913185,110,,,,,3947
weightedAStarH4_weight_2,grid_3_1.txt,1.9550803823797196,157,,,,,11382
weightedAStarH4_weight_2,grid_3_2.txt,1.2973027969837858,159,,,,,9860
weightedAStarH4_weight_2,grid_3_3.txt,1.0190832847669071,175,,,,,6968
weightedAStarH4_weight_2,grid_3_4.txt,0.9124754452871002,167,,,,,7257
weightedAStarH4_weight_2,grid_3_5.txt,1.2698644392421556,126,,,,,6958
weightedAStarH4_weight_2,grid_3_6.txt,1.0752679487030719,128,,,,,6305
weightedAStarH4_weight_2,grid_3_7.txt,1.7171377393331113,151,,,,,11504
weightedAStarH4_weight_2,grid_3_8.txt,2.717629502961813,137,,,,,14450
weightedAStarH4_weight_2,grid_3_9.txt,1.5330209012929572,158,,,,,10671
weightedAStarH4_weight_2,grid_4_0.txt,1.9707869199800143,143,,,,,12498
weightedAStarH4_weight_2,grid_4_1.txt,0.9124915101606348,156,,,,,5810
weightedAStarH4_weight_2,grid_4_2.txt,0.3899605250356899,130,,,,,2681
weightedAStarH4_weight_2,grid_4_3.txt,0.9387785519659246,129,,,,,5449
weightedAStarH4_weight_2,grid_4_4.txt,1.536211563674442,236,,,,,9676
weightedAStarH4_weight_2,grid_4_5.txt,0.14483732976816555,109,,,,,1461
weightedAStarH4_weight_2,grid_4_6.txt,0.3394351590467295,112,,,,,3139
weightedAStarH4_weight_2,grid_4_7.txt,0.6589003415570005,160,,,,,4752
weightedAStarH4_weight_2,grid_4_8.txt,0.6599369721462836,141,,,,,4206
weightedAStarH4_weight_2,grid_4_9.txt,3.1668970786028012,197,,,,,13278
seqAStar,grid_0_0.txt,2.337403398791821,101,2975,896,0,1904,1935
seqAStar,grid_0_1.txt,4.1615809442039335,109,6094,349,0,3207,3226
seqAStar,grid_0_2.txt,3.6193700427593285,194,4418,0,0,2202,2275
seqAStar,grid_0_3.txt,5.424933308462528,153,6037,0,0,3011,3076
seqAStar,grid_0_4.txt,12.507898562818582,228,11851,0,0,5963,5997
seqAStar,grid_0_5.txt,14.75909160280139,232,12753,0,0,6421,6494
seqAStar,grid_0_6.txt,14.797874884980047,148,10671,2395,0,6562,6561
seqAStar,grid_0_7.txt,9.4775863777013,124,7433,836,0,4093,4150
seqAStar,grid_0_8.txt,2.8808106870678785,112,3321,1226,0,2265,2295
seqAStar,grid_0_9.txt,13.636992316527994,233,9811,0,0,4923,5021
seqAStar,grid_1_0.txt,6.861403873598192,150,6559,2316,0,4363,4391
seqAStar,grid_1_1.txt,8.644869459515121,145,8031,390,0,4214,4252
seqAStar,grid_1_2.txt,10.799823643388436,144,9606,385,0,5013,5012
seqAStar,grid_1_3.txt,2.1169174720671435,99,3992,121,0,2034,2043
seqAStar,grid_1_4.txt,4.567666139798348,117,4867,1172,0,2972,3024
seqAStar,grid_1_5.txt,7.655781078613472,143,8984,227,0,4554,4600
seqAStar,grid_1_6.txt,8.242368515703674,124,7546,0,0,3805,3823
seqAStar,grid_1_7.txt,5.550364271007311,138,5432,2175,0,3763,3777
seqAStar,grid_1_8.txt,8.711052275991051,195,10083,677,0,5385,5399
seqAStar,grid_1_9.txt,11.185852736874267,161,12075,387,0,6191,6257
seqAStar,grid_2_0.txt,7.034753230155275,187,8034,608,0,4324,4352
seqAStar,grid_2_1.txt,1.677396365947061,114,2607,760,0,1640,1640
seqAStar,grid_2_2.txt,6.190033173963911,151,8058,1019,0,4455,4474
seqAStar,grid_2_3.txt,2.6472385821141415,148,3354,1897,0,2555,2589
seqAStar,grid_2_4.txt,3.3366554896797425,118,3836,2025,0,2932,2934
seqAStar,grid_2_5.txt,4.063699008529738,142,5664,917,0,3271,3275
seqAStar,grid_2_6.txt,10.184016878827151,165,11955,722,0,6295,6417
seqAStar,grid_2_7.txt,7.445766771951185,160,7119,414,0,3746,3816
seqAStar,grid_2_8.txt,7.7733514092908536,137,7084,0,0,3585,3614
seqAStar,grid_2_9.txt,7.780975976766513,125,7682,1475,0,4527,4591
seqAStar,grid_3_0.txt,3.1569672017756147,128,3899,540,0,2216,2219
seqAStar,grid_3_1.txt,6.607282564167917,151,8192,168,0,4182,4247
seqAStar,grid_3_2.txt,8.864079567533508,127,8001,3761,0,5814,5825
seqAStar,grid_3_3.txt,4.0047940260089945,121,5805,536,0,3114,3122
seqAStar,grid_3_4.txt,4.2082324444402275,129,5251,1255,0,3240,3255
seqAStar,grid_3_5.txt,6.986950413982868,107,8249,127,0,4176,4199
seqAStar,grid_3_6.txt,7.525812235543071,129,7845,275,0,4007,4050
seqAStar,grid_3_7.txt,5.586543704934684,152,6029,2333,0,4129,4135
seqAStar,grid_3_8.txt,13.905237327269106,158,12810,1985,0,7262,7341
seqAStar,grid_3_9.txt,7.082552476355659,148,6663,3582,0,5075,5089
seqAStar,grid_4_0.txt,4.029107319602645,145,4172,2316,0,3198,3198
seqAStar,grid_4_1.txt,4.330882845124961,156,6146,0,0,3066,3076
seqAStar,grid_4_2.txt,5.325634986438445,133,5668,0,0,2863,2885
seqAStar,grid_4_3.txt,11.961886533798179,154,9282,2014,0,5561,5642
seqAStar,grid_4_4.txt,10.432767165540554,159,10937,239,0,5609,5669
seqAStar,grid_4_5.txt,1.16890161782203,112,2309,183,0,1187,1205
seqAStar,grid_4_6.txt,2.0214510686264475,113,2813,577,0,1662,1686
seqAStar,grid_4_7.txt,4.396583269148323,158,5792,0,0,2916,2942
seqAStar,grid_4_8.txt,4.555888356268952,98,5616,158,0,2860,2913
seqAStar,grid_4_9.txt,17.614270784153405,154,13212,665,0,6955,7037
